Ergonomic Risk Score,Action Level
6,Further investigation and change soon
6,Further investigation and change soon
6,Further investigation and change soon
6,Further investigation and change soon
6,Further investigation and change soon
6,Further investigation and change soon
6,Further investigation and change soon
6,Further investigation and change soon
6,Further investigation and change soon
6,Further investigation and change soon
6,Further investigation and change soon
6,Further investigation and change soon
6,Further investigation and change soon
6,Further investigation and change soon
6,Further investigation and change soon
6,Further investigation and change soon
6,Further investigation and change soon
6,Further investigation and change soon
6,Further investigation and change soon
6,Further investigation and change soon
6,Further investigation and change soon
6,Further investigation and change soon
6,Further investigation and change soon
6,Further investigation and change soon
6,Further investigation and change soon
6,Further investigation and change soon
6,Further investigation and change soon
6,Further investigation and change soon
6,Further investigation and change soon
6,Further investigation and change soon
6,Further investigation and change soon
6,Further investigation and change soon
6,Further investigation and change soon
6,Further investigation and change soon
6,Further investigation and change soon
6,Further investigation and change soon
6,Further investigation and change soon
6,Further investigation and change soon
6,Further investigation and change soon
6,Further investigation and change soon
6,Further investigation and change soon
6,Further investigation and change soon
6,Further investigation and change soon
6,Further investigation and change soon
6,Further investigation and change soon
6,Further investigation and change soon
6,Further investigation and change soon
6,Further investigation and change soon
6,Further investigation and change soon
6,Further investigation and change soon
6,Further investigation and change soon
6,Further investigation and change soon
5,Further investigation and change soon
6,Further investigation and change soon
6,Further investigation and change soon
6,Further investigation and change soon
6,Further investigation and change soon
6,Further investigation and change soon
6,Further investigation and change soon
6,Further investigation and change soon
6,Further investigation and change soon
6,Further investigation and change soon
5,Further investigation and change soon
6,Further investigation and change soon
6,Further investigation and change soon
6,Further investigation and change soon
6,Further investigation and change soon
6,Further investigation and change soon
6,Further investigation and change soon
6,Further investigation and change soon
6,Further investigation and change soon
6,Further investigation and change soon
6,Further investigation and change soon
6,Further investigation and change soon
6,Further investigation and change soon
6,Further investigation and change soon
6,Further investigation and change soon
6,Further investigation and change soon
6,Further investigation and change soon
6,Further investigation and change soon
6,Further investigation and change soon
6,Further investigation and change soon
6,Further investigation and change soon
6,Further investigation and change soon
6,Further investigation and change soon
6,Further investigation and change soon
6,Further investigation and change soon
6,Further investigation and change soon
6,Further investigation and change soon
6,Further investigation and change soon
6,Further investigation and change soon
6,Further investigation and change soon
6,Further investigation and change soon
6,Further investigation and change soon
6,Further investigation and change soon
6,Further investigation and change soon
6,Further investigation and change soon
6,Further investigation and change soon
6,Further investigation and change soon
6,Further investigation and change soon
6,Further investigation and change soon
5,Further investigation and change soon
6,Further investigation and change soon
6,Further investigation and change soon
6,Further investigation and change soon
6,Further investigation and change soon
6,Further investigation and change soon
6,Further investigation and change soon
6,Further investigation and change soon
6,Further investigation and change soon
6,Further investigation and change soon
6,Further investigation and change soon
6,Further investigation and change soon
6,Further investigation and change soon
6,Further investigation and change soon
6,Further investigation and change soon
6,Further investigation and change soon
6,Further investigation and change soon
6,Further investigation and change soon
6,Further investigation and change soon
6,Further investigation and change soon
6,Further investigation and change soon
6,Further investigation and change soon
6,Further investigation and change soon
6,Further investigation and change soon
6,Further investigation and change soon
6,Further investigation and change soon
6,Further investigation and change soon
6,Further investigation and change soon
6,Further investigation and change soon
6,Further investigation and change soon
6,Further investigation and change soon
6,Further investigation and change soon
6,Further investigation and change soon
6,Further investigation and change soon
6,Further investigation and change soon
6,Further investigation and change soon
6,Further investigation and change soon
6,Further investigation and change soon
6,Further investigation and change soon
6,Further investigation and change soon
6,Further investigation and change soon
6,Further investigation and change soon
6,Further investigation and change soon
6,Further investigation and change soon
6,Further investigation and change soon
6,Further investigation and change soon
6,Further investigation and change soon
6,Further investigation and change soon
6,Further investigation and change soon
6,Further investigation and change soon
6,Further investigation and change soon
6,Further investigation and change soon
6,Further investigation and change soon
6,Further investigation and change soon
6,Further investigation and change soon
6,Further investigation and change soon
6,Further investigation and change soon
6,Further investigation and change soon
6,Further investigation and change soon
6,Further investigation and change soon
6,Further investigation and change soon
6,Further investigation and change soon
6,Further investigation and change soon
6,Further investigation and change soon
6,Further investigation and change soon
6,Further investigation and change soon
6,Further investigation and change soon
6,Further investigation and change soon
6,Further investigation and change soon
6,Further investigation and change soon
6,Further investigation and change soon
6,Further investigation and change soon
6,Further investigation and change soon
6,Further investigation and change soon
6,Further investigation and change soon
6,Further investigation and change soon
6,Further investigation and change soon
6,Further investigation and change soon
6,Further investigation and change soon
6,Further investigation and change soon
6,Further investigation and change soon
6,Further investigation and change soon
6,Further investigation and change soon
6,Further investigation and change soon
6,Further investigation and change soon
6,Further investigation and change soon
6,Further investigation and change soon
6,Further investigation and change soon
6,Further investigation and change soon
6,Further investigation and change soon
6,Further investigation and change soon
6,Further investigation and change soon
6,Further investigation and change soon
6,Further investigation and change soon
6,Further investigation and change soon
6,Further investigation and change soon
6,Further investigation and change soon
6,Further investigation and change soon
6,Further investigation and change soon
6,Further investigation and change soon
6,Further investigation and change soon
6,Further investigation and change soon
6,Further investigation and change soon
6,Further investigation and change soon
6,Further investigation and change soon
6,Further investigation and change soon
6,Further investigation and change soon
6,Further investigation and change soon
6,Further investigation and change soon
6,Further investigation and change soon
6,Further investigation and change soon
6,Further investigation and change soon
6,Further investigation and change soon
6,Further investigation and change soon
6,Further investigation and change soon
6,Further investigation and change soon
6,Further investigation and change soon
6,Further investigation and change soon
6,Further investigation and change soon
6,Further investigation and change soon
6,Further investigation and change soon
6,Further investigation and change soon
6,Further investigation and change soon
6,Further investigation and change soon
6,Further investigation and change soon
6,Further investigation and change soon
6,Further investigation and change soon
6,Further investigation and change soon
6,Further investigation and change soon
6,Further investigation and change soon
6,Further investigation and change soon
6,Further investigation and change soon
6,Further investigation and change soon
6,Further investigation and change soon
6,Further investigation and change soon
6,Further investigation and change soon
6,Further investigation and change soon
6,Further investigation and change soon
6,Further investigation and change soon
6,Further investigation and change soon
6,Further investigation and change soon
6,Further investigation and change soon
6,Further investigation and change soon
6,Further investigation and change soon
6,Further investigation and change soon
6,Further investigation and change soon
6,Further investigation and change soon
6,Further investigation and change soon
6,Further investigation and change soon
6,Further investigation and change soon
6,Further investigation and change soon
6,Further investigation and change soon
6,Further investigation and change soon
6,Further investigation and change soon
6,Further investigation and change soon
6,Further investigation and change soon
6,Further investigation and change soon
6,Further investigation and change soon
6,Further investigation and change soon
6,Further investigation and change soon
6,Further investigation and change soon
6,Further investigation and change soon
6,Further investigation and change soon
6,Further investigation and change soon
6,Further investigation and change soon
6,Further investigation and change soon
6,Further investigation and change soon
6,Further investigation and change soon
6,Further investigation and change soon
6,Further investigation and change soon
6,Further investigation and change soon
6,Further investigation and change soon
6,Further investigation and change soon
6,Further investigation and change soon
6,Further investigation and change soon
6,Further investigation and change soon
6,Further investigation and change soon
6,Further investigation and change soon
6,Further investigation and change soon
6,Further investigation and change soon
6,Further investigation and change soon
6,Further investigation and change soon
6,Further investigation and change soon
6,Further investigation and change soon
6,Further investigation and change soon
6,Further investigation and change soon
6,Further investigation and change soon
6,Further investigation and change soon
6,Further investigation and change soon
6,Further investigation and change soon
6,Further investigation and change soon
6,Further investigation and change soon
6,Further investigation and change soon
6,Further investigation and change soon
6,Further investigation and change soon
6,Further investigation and change soon
6,Further investigation and change soon
6,Further investigation and change soon
6,Further investigation and change soon
6,Further investigation and change soon
6,Further investigation and change soon
6,Further investigation and change soon
6,Further investigation and change soon
6,Further investigation and change soon
6,Further investigation and change soon
6,Further investigation and change soon
6,Further investigation and change soon
6,Further investigation and change soon
6,Further investigation and change soon
6,Further investigation and change soon
6,Further investigation and change soon
6,Further investigation and change soon
6,Further investigation and change soon
6,Further investigation and change soon
6,Further investigation and change soon
6,Further investigation and change soon
6,Further investigation and change soon
6,Further investigation and change soon
6,Further investigation and change soon
6,Further investigation and change soon
6,Further investigation and change soon
6,Further investigation and change soon
6,Further investigation and change soon
6,Further investigation and change soon
6,Further investigation and change soon
6,Further investigation and change soon
6,Further investigation and change soon
6,Further investigation and change soon
6,Further investigation and change soon
6,Further investigation and change soon
6,Further investigation and change soon
6,Further investigation and change soon
6,Further investigation and change soon
6,Further investigation and change soon
6,Further investigation and change soon
6,Further investigation and change soon
6,Further investigation and change soon
6,Further investigation and change soon
6,Further investigation and change soon
6,Further investigation and change soon
6,Further investigation and change soon
6,Further investigation and change soon
6,Further investigation and change soon
6,Further investigation and change soon
6,Further investigation and change soon
6,Further investigation and change soon
6,Further investigation and change soon
6,Further investigation and change soon
6,Further investigation and change soon
6,Further investigation and change soon
6,Further investigation and change soon
6,Further investigation and change soon
6,Further investigation and change soon
5,Further investigation and change soon
5,Further investigation and change soon
5,Further investigation and change soon
5,Further investigation and change soon
5,Further investigation and change soon
6,Further investigation and change soon
6,Further investigation and change soon
5,Further investigation and change soon
6,Further investigation and change soon
6,Further investigation and change soon
5,Further investigation and change soon
5,Further investigation and change soon
5,Further investigation and change soon
5,Further investigation and change soon
5,Further investigation and change soon
5,Further investigation and change soon
5,Further investigation and change soon
5,Further investigation and change soon
5,Further investigation and change soon
6,Further investigation and change soon
6,Further investigation and change soon
6,Further investigation and change soon
6,Further investigation and change soon
6,Further investigation and change soon
6,Further investigation and change soon
6,Further investigation and change soon
6,Further investigation and change soon
6,Further investigation and change soon
6,Further investigation and change soon
6,Further investigation and change soon
6,Further investigation and change soon
6,Further investigation and change soon
6,Further investigation and change soon
6,Further investigation and change soon
6,Further investigation and change soon
6,Further investigation and change soon
6,Further investigation and change soon
6,Further investigation and change soon
6,Further investigation and change soon
6,Further investigation and change soon
6,Further investigation and change soon
6,Further investigation and change soon
6,Further investigation and change soon
6,Further investigation and change soon
6,Further investigation and change soon
6,Further investigation and change soon
6,Further investigation and change soon
6,Further investigation and change soon
6,Further investigation and change soon
6,Further investigation and change soon
6,Further investigation and change soon
6,Further investigation and change soon
6,Further investigation and change soon
6,Further investigation and change soon
6,Further investigation and change soon
6,Further investigation and change soon
6,Further investigation and change soon
6,Further investigation and change soon
6,Further investigation and change soon
6,Further investigation and change soon
6,Further investigation and change soon
6,Further investigation and change soon
6,Further investigation and change soon
6,Further investigation and change soon
6,Further investigation and change soon
6,Further investigation and change soon
6,Further investigation and change soon
6,Further investigation and change soon
6,Further investigation and change soon
6,Further investigation and change soon
6,Further investigation and change soon
6,Further investigation and change soon
6,Further investigation and change soon
6,Further investigation and change soon
6,Further investigation and change soon
6,Further investigation and change soon
6,Further investigation and change soon
6,Further investigation and change soon
6,Further investigation and change soon
6,Further investigation and change soon
6,Further investigation and change soon
6,Further investigation and change soon
6,Further investigation and change soon
6,Further investigation and change soon
6,Further investigation and change soon
6,Further investigation and change soon
6,Further investigation and change soon
6,Further investigation and change soon
6,Further investigation and change soon
6,Further investigation and change soon
6,Further investigation and change soon
6,Further investigation and change soon
6,Further investigation and change soon
6,Further investigation and change soon
6,Further investigation and change soon
6,Further investigation and change soon
6,Further investigation and change soon
6,Further investigation and change soon
6,Further investigation and change soon
6,Further investigation and change soon
6,Further investigation and change soon
6,Further investigation and change soon
6,Further investigation and change soon
6,Further investigation and change soon
6,Further investigation and change soon
6,Further investigation and change soon
6,Further investigation and change soon
6,Further investigation and change soon
6,Further investigation and change soon
6,Further investigation and change soon
6,Further investigation and change soon
6,Further investigation and change soon
6,Further investigation and change soon
6,Further investigation and change soon
6,Further investigation and change soon
6,Further investigation and change soon
6,Further investigation and change soon
6,Further investigation and change soon
6,Further investigation and change soon
6,Further investigation and change soon
6,Further investigation and change soon
6,Further investigation and change soon
6,Further investigation and change soon
6,Further investigation and change soon
6,Further investigation and change soon
6,Further investigation and change soon
6,Further investigation and change soon
6,Further investigation and change soon
6,Further investigation and change soon
6,Further investigation and change soon
6,Further investigation and change soon
6,Further investigation and change soon
6,Further investigation and change soon
6,Further investigation and change soon
6,Further investigation and change soon
6,Further investigation and change soon
6,Further investigation and change soon
6,Further investigation and change soon
6,Further investigation and change soon
6,Further investigation and change soon
6,Further investigation and change soon
6,Further investigation and change soon
6,Further investigation and change soon
6,Further investigation and change soon
6,Further investigation and change soon
6,Further investigation and change soon
6,Further investigation and change soon
6,Further investigation and change soon
6,Further investigation and change soon
6,Further investigation and change soon
6,Further investigation and change soon
6,Further investigation and change soon
6,Further investigation and change soon
6,Further investigation and change soon
6,Further investigation and change soon
6,Further investigation and change soon
6,Further investigation and change soon
6,Further investigation and change soon
6,Further investigation and change soon
6,Further investigation and change soon
6,Further investigation and change soon
6,Further investigation and change soon
6,Further investigation and change soon
6,Further investigation and change soon
6,Further investigation and change soon
6,Further investigation and change soon
6,Further investigation and change soon
6,Further investigation and change soon
6,Further investigation and change soon
6,Further investigation and change soon
6,Further investigation and change soon
6,Further investigation and change soon
6,Further investigation and change soon
6,Further investigation and change soon
6,Further investigation and change soon
6,Further investigation and change soon
